CREATE DATABASE  IF NOT EXISTS `pentestsql` /*!40100 DEFAULT CHARACTER SET utf8 */;
USE `pentestsql`;
-- MySQL dump 10.13  Distrib 5.7.12, for Win64 (x86_64)
--
-- Host: 127.0.0.1    Database: pentestsql
-- ------------------------------------------------------
-- Server version	5.7.16-log

/*!40101 SET @OLD_CHARACTER_SET_CLIENT=@@CHARACTER_SET_CLIENT */;
/*!40101 SET @OLD_CHARACTER_SET_RESULTS=@@CHARACTER_SET_RESULTS */;
/*!40101 SET @OLD_COLLATION_CONNECTION=@@COLLATION_CONNECTION */;
/*!40101 SET NAMES utf8 */;
/*!40103 SET @OLD_TIME_ZONE=@@TIME_ZONE */;
/*!40103 SET TIME_ZONE='+00:00' */;
/*!40014 SET @OLD_UNIQUE_CHECKS=@@UNIQUE_CHECKS, UNIQUE_CHECKS=0 */;
/*!40014 SET @OLD_FOREIGN_KEY_CHECKS=@@FOREIGN_KEY_CHECKS, FOREIGN_KEY_CHECKS=0 */;
/*!40101 SET @OLD_SQL_MODE=@@SQL_MODE, SQL_MODE='NO_AUTO_VALUE_ON_ZERO' */;
/*!40111 SET @OLD_SQL_NOTES=@@SQL_NOTES, SQL_NOTES=0 */;

--
-- Table structure for table `Makes`
--

DROP TABLE IF EXISTS `Makes`;
/*!40101 SET @saved_cs_client     = @@character_set_client */;
/*!40101 SET character_set_client = utf8 */;
CREATE TABLE `Makes` (
  `MakeId` int(11) NOT NULL AUTO_INCREMENT,
  `Name` varchar(100) NOT NULL,
  PRIMARY KEY (`MakeId`)
) ENGINE=InnoDB AUTO_INCREMENT=11 DEFAULT CHARSET=utf8;
/*!40101 SET character_set_client = @saved_cs_client */;

--
-- Dumping data for table `Makes`
--

LOCK TABLES `Makes` WRITE;
/*!40000 ALTER TABLE `Makes` DISABLE KEYS */;
INSERT INTO `Makes` VALUES (0,'Aprilla'),(1,'Bmw'),(2,'Ducati'),(3,'Harley-Davidson'),(4,'Honda'),(5,'Kawasaki'),(6,'Susuki'),(7,'Yamaha');
/*!40000 ALTER TABLE `Makes` ENABLE KEYS */;
UNLOCK TABLES;

--
-- Table structure for table `MotorBikes`
--

DROP TABLE IF EXISTS `MotorBikes`;
/*!40101 SET @saved_cs_client     = @@character_set_client */;
/*!40101 SET character_set_client = utf8 */;
CREATE TABLE `MotorBikes` (
  `Id` int(11) NOT NULL AUTO_INCREMENT,
  `CC` varchar(10) NOT NULL,
  `Description` varchar(150) DEFAULT NULL,
  `MakeId` int(11) NOT NULL,
  `Model` varchar(255) DEFAULT NULL,
  `Name` varchar(30) DEFAULT NULL,
  `Power` int(11) NOT NULL,
  `Price` decimal(18,2) NOT NULL,
  `RefId` varchar(255) DEFAULT NULL,
  `TopSpeed` int(11) NOT NULL,
  `Torque` int(11) NOT NULL,
  `ZeroToHundred` float NOT NULL,
  PRIMARY KEY (`Id`),
  KEY `IX_MotorBikes_MakeId` (`MakeId`),
  CONSTRAINT `FK_MotorBikes_Makes_MakeId` FOREIGN KEY (`MakeId`) REFERENCES `Makes` (`MakeId`) ON DELETE CASCADE
) ENGINE=InnoDB AUTO_INCREMENT=11 DEFAULT CHARSET=utf8;
/*!40101 SET character_set_client = @saved_cs_client */;

--
-- Dumping data for table `MotorBikes`
--

LOCK TABLES `MotorBikes` WRITE;
/*!40000 ALTER TABLE `MotorBikes` DISABLE KEYS */;
INSERT INTO `MotorBikes` VALUES (0,'999','The Aprilia RSV4 is a super bike manufactured by Aprilia. ',0,'RSV 4','Aprilia',201,100000.00,NULL,300,115,3.2),(1,'999','The BMW S1000RR is a sport bike initially made by BMW Motorrad to compete in the 2009 Superbike World Championship.',1,'S 1000RR','BMW',199,100000.00,NULL,250,112,3.3),(2,'899','The 899 surprised observers by topping sales charts for all motorcycles in the UK for December 2013.',2,'899 Panigale','Ducati',148,100000.00,NULL,230,99,3.2),(3,'1691','There’s more to the Switchback than the brilliance of being two bikes rolled into one.',3,'Switchback','Harley Davidson',103,100000.00,NULL,280,126,8.3),(4,'599','In 2003, Honda opened a new chapter in the evolution of middleweight Super Sports motorcycle performance with the stunning debut of the new CBR600RR.',4,'CBR 600RR','Honda',118,100000.00,NULL,220,66,5.4),(5,'1000','The Kawasaki Ninja 300, or EX300, is a 296 cc Ninja series sport bike introduced by Kawasaki in 2012 for the 2013 model year.',5,'Ninja Special Edition','Kawasaki',34,100000.00,NULL,199,23,9.1),(6,'999','The Suzuki GSX-R1000 is a sport bike from Suzuki\'s GSX-R series of motorcycles.',6,'GSX-S1000','Suzuki',137,100000.00,NULL,253,100,4.5),(7,'599','The Yamaha YZF-R6 was introduced in 1999 as the super sport version of Yamaha\'s Yamaha YZF-R1 super bike.',7,'YZF-R6','Yamaha',133,100000.00,NULL,260,57,3),(8,'125','Aprilla Scooter??',0,'SR 125','Aprilia',9,5000.00,NULL,96,8,12.5);
/*!40000 ALTER TABLE `MotorBikes` ENABLE KEYS */;
UNLOCK TABLES;

--
-- Table structure for table `UserProfiles`
--

DROP TABLE IF EXISTS `UserProfiles`;
/*!40101 SET @saved_cs_client     = @@character_set_client */;
/*!40101 SET character_set_client = utf8 */;
CREATE TABLE `UserProfiles` (
  `UserId` int(11) NOT NULL AUTO_INCREMENT,
  `Email` varchar(255) DEFAULT NULL,
  `FirstName` varchar(100) DEFAULT NULL,
  `IsAdmin` bit(1) DEFAULT NULL,
  `LastName` varchar(100) DEFAULT NULL,
  `Password` varchar(200) DEFAULT NULL,
  PRIMARY KEY (`UserId`)
) ENGINE=InnoDB AUTO_INCREMENT=2 DEFAULT CHARSET=utf8;
/*!40101 SET character_set_client = @saved_cs_client */;

--
-- Dumping data for table `UserProfiles`
--

LOCK TABLES `UserProfiles` WRITE;
/*!40000 ALTER TABLE `UserProfiles` DISABLE KEYS */;
INSERT INTO `UserProfiles` VALUES (1,'pietermyb@gmail.com','Pieter','\0','Myburgh','!01HackM3');
/*!40000 ALTER TABLE `UserProfiles` ENABLE KEYS */;
UNLOCK TABLES;

--
-- Table structure for table `Votes`
--

DROP TABLE IF EXISTS `Votes`;
/*!40101 SET @saved_cs_client     = @@character_set_client */;
/*!40101 SET character_set_client = utf8 */;
CREATE TABLE `Votes` (
  `VoteId` int(11) NOT NULL AUTO_INCREMENT,
  `Comments` varchar(255) DEFAULT NULL,
  `MotorBikeId` int(11) NOT NULL,
  `UserId` int(11) NOT NULL,
  PRIMARY KEY (`VoteId`),
  KEY `IX_Votes_SupercarId` (`MotorBikeId`),
  KEY `IX_Votes_UserId` (`UserId`),
  CONSTRAINT `FK_Votes_MotorBikes_MotorBikeId` FOREIGN KEY (`MotorBikeId`) REFERENCES `MotorBikes` (`Id`) ON DELETE CASCADE,
  CONSTRAINT `FK_Votes_UserProfiles_UserId` FOREIGN KEY (`UserId`) REFERENCES `UserProfiles` (`UserId`) ON DELETE CASCADE
) ENGINE=InnoDB AUTO_INCREMENT=9 DEFAULT CHARSET=utf8;
/*!40101 SET character_set_client = @saved_cs_client */;

--
-- Dumping data for table `Votes`
--

LOCK TABLES `Votes` WRITE;
/*!40000 ALTER TABLE `Votes` DISABLE KEYS */;
INSERT INTO `Votes` VALUES (1,'Love it',1,1),(2,'Cool Look',2,1),(3,'Wish I had one',3,1),(4,'Sweetness',4,1),(5,'Wow!',5,1),(6,'True Beauty',6,1),(7,'Nice!',7,1),(8,'Nice Bike',0,1);
/*!40000 ALTER TABLE `Votes` ENABLE KEYS */;
UNLOCK TABLES;
/*!40103 SET TIME_ZONE=@OLD_TIME_ZONE */;

/*!40101 SET SQL_MODE=@OLD_SQL_MODE */;
/*!40014 SET FOREIGN_KEY_CHECKS=@OLD_FOREIGN_KEY_CHECKS */;
/*!40014 SET UNIQUE_CHECKS=@OLD_UNIQUE_CHECKS */;
/*!40101 SET CHARACTER_SET_CLIENT=@OLD_CHARACTER_SET_CLIENT */;
/*!40101 SET CHARACTER_SET_RESULTS=@OLD_CHARACTER_SET_RESULTS */;
/*!40101 SET COLLATION_CONNECTION=@OLD_COLLATION_CONNECTION */;
/*!40111 SET SQL_NOTES=@OLD_SQL_NOTES */;

-- Dump completed on 2016-11-03 21:18:46
